Dag,Datum,Benjamin,Rutger,Marc,Sanne,Freddy,Henry,Mariska,Josje,Eline,Lot,Marijke,DaniÃ«l,Week,Jaar
Maandag,2025-02-10,-,-,-,-,-,Thuis,-,-,-,-,-,-,7,2025
Dinsdag,2025-02-11,-,-,-,-,-,PL: Apeldoorn,-,-,-,-,-,-,7,2025
Woensdag,2025-02-12,-,-,-,-,-,Thuis,-,-,-,-,-,-,7,2025
Donderdag,2025-02-13,-,-,-,-,-,PL: Apeldoorn,-,-,-,-,-,-,7,2025
Vrijdag,2025-02-14,-,-,-,-,-,-,-,-,-,-,-,-,7,2025
Maandag,2025-02-17,-,-,-,-,-,Thuis,-,-,-,-,-,-,8,2025
Dinsdag,2025-02-18,-,-,-,-,-,PL: Apeldoorn,-,-,-,-,-,-,8,2025
Woensdag,2025-02-19,-,-,-,-,-,Thuis,-,-,-,-,-,-,8,2025
Donderdag,2025-02-20,-,-,-,-,-,PL: Apeldoorn,-,-,-,-,-,-,8,2025
Vrijdag,2025-02-21,-,-,-,-,-,-,-,-,-,-,-,-,8,2025
Maandag,2025-02-24,-,-,-,-,-,Thuis,-,-,-,-,-,-,9,2025
Dinsdag,2025-02-25,-,-,-,-,-,PL: Apeldoorn,-,-,-,-,-,-,9,2025
Woensdag,2025-02-26,-,-,-,-,-,Thuis,-,-,-,-,-,-,9,2025
Donderdag,2025-02-27,-,-,-,-,-,PL: Apeldoorn,-,-,-,-,-,-,9,2025
Vrijdag,2025-02-28,-,-,-,-,-,-,-,-,-,-,-,-,9,2025
Maandag,2025-03-03,-,-,-,-,-,-,-,-,-,-,-,-,10,2025
Dinsdag,2025-03-04,-,-,-,-,-,-,-,-,-,-,-,-,10,2025
Woensdag,2025-03-05,-,-,-,-,-,-,-,-,-,-,-,-,10,2025
Donderdag,2025-03-06,-,-,-,-,-,-,-,-,-,-,-,-,10,2025
Vrijdag,2025-03-07,-,-,-,-,-,-,-,-,-,-,-,-,10,2025
Maandag,2025-03-10,-,-,-,-,-,-,-,-,-,-,-,-,11,2025
Dinsdag,2025-03-11,-,-,-,-,-,-,-,-,-,-,-,-,11,2025
Woensdag,2025-03-12,-,-,-,-,-,-,-,-,-,-,-,-,11,2025
Donderdag,2025-03-13,-,-,-,-,-,-,-,-,-,-,-,-,11,2025
Vrijdag,2025-03-14,-,-,-,-,-,-,-,-,-,-,-,-,11,2025
Maandag,2025-03-17,-,-,-,-,-,-,-,-,-,-,-,-,12,2025
Dinsdag,2025-03-18,-,-,-,-,-,-,-,-,-,-,-,-,12,2025
Woensdag,2025-03-19,-,-,-,-,-,-,-,-,-,-,-,-,12,2025
Donderdag,2025-03-20,-,-,-,-,-,-,-,-,-,-,-,-,12,2025
Vrijdag,2025-03-21,-,-,-,-,-,-,-,-,-,-,-,-,12,2025
Maandag,2025-03-24,-,-,-,-,-,-,-,-,-,-,-,-,13,2025
Dinsdag,2025-03-25,-,-,-,-,-,-,-,-,-,-,-,-,13,2025
Woensdag,2025-03-26,-,-,-,-,-,-,-,-,-,-,-,-,13,2025
Donderdag,2025-03-27,-,-,-,-,-,-,-,-,-,-,-,-,13,2025
Vrijdag,2025-03-28,-,-,-,-,-,-,-,-,-,-,-,-,13,2025
Maandag,2025-03-31,-,-,-,-,-,-,-,-,-,-,-,-,14,2025
Dinsdag,2025-04-01,-,-,-,-,-,-,-,-,-,-,-,-,14,2025
Woensdag,2025-04-02,-,-,-,-,-,-,-,-,-,-,-,-,14,2025
Donderdag,2025-04-03,-,-,-,-,-,-,-,-,-,-,-,-,14,2025
Vrijdag,2025-04-04,-,-,-,-,-,-,-,-,-,-,-,-,14,2025
Maandag,2025-04-07,-,-,-,-,-,-,-,-,-,-,-,-,15,2025
Dinsdag,2025-04-08,-,-,-,-,-,-,-,-,-,-,-,-,15,2025
Woensdag,2025-04-09,-,-,-,-,-,-,-,-,-,-,-,-,15,2025
Donderdag,2025-04-10,-,-,-,-,-,-,-,-,-,-,-,-,15,2025
Vrijdag,2025-04-11,-,-,-,-,-,-,-,-,-,-,-,-,15,2025
Maandag,2025-04-14,-,-,-,-,-,-,-,-,-,-,-,-,16,2025
Dinsdag,2025-04-15,-,-,-,-,-,-,-,-,-,-,-,-,16,2025
Woensdag,2025-04-16,-,-,-,-,-,-,-,-,-,-,-,-,16,2025
Donderdag,2025-04-17,-,-,-,-,-,-,-,-,-,-,-,-,16,2025
Vrijdag,2025-04-18,-,-,-,-,-,-,-,-,-,-,-,-,16,2025
Maandag,2025-04-21,-,-,-,-,-,-,-,-,-,-,-,-,17,2025
Dinsdag,2025-04-22,-,-,-,-,-,-,-,-,-,-,-,-,17,2025
Woensdag,2025-04-23,-,-,-,-,-,-,-,-,-,-,-,-,17,2025
Donderdag,2025-04-24,-,-,-,-,-,-,-,-,-,-,-,-,17,2025
Vrijdag,2025-04-25,-,-,-,-,-,-,-,-,-,-,-,-,17,2025
Maandag,2025-04-28,-,-,-,-,-,-,-,-,-,-,-,-,18,2025
Dinsdag,2025-04-29,-,-,-,-,-,-,-,-,-,-,-,-,18,2025
Woensdag,2025-04-30,-,-,-,-,-,-,-,-,-,-,-,-,18,2025
Donderdag,2025-05-01,-,-,-,-,-,-,-,-,-,-,-,-,18,2025
Vrijdag,2025-05-02,-,-,-,-,-,-,-,-,-,-,-,-,18,2025
Maandag,2025-05-05,-,-,-,-,-,-,-,-,-,-,-,-,19,2025
Dinsdag,2025-05-06,-,-,-,-,-,-,-,-,-,-,-,-,19,2025
Woensdag,2025-05-07,-,-,-,-,-,-,-,-,-,-,-,-,19,2025
Donderdag,2025-05-08,-,-,-,-,-,-,-,-,-,-,-,-,19,2025
Vrijdag,2025-05-09,-,-,-,-,-,-,-,-,-,-,-,-,19,2025
Maandag,2025-05-12,-,-,-,-,-,-,-,-,-,-,-,-,20,2025
Dinsdag,2025-05-13,-,-,-,-,-,-,-,-,-,-,-,-,20,2025
Woensdag,2025-05-14,-,-,-,-,-,-,-,-,-,-,-,-,20,2025
Donderdag,2025-05-15,-,-,-,-,-,-,-,-,-,-,-,-,20,2025
Vrijdag,2025-05-16,-,-,-,-,-,-,-,-,-,-,-,-,20,2025
Maandag,2025-05-19,-,-,-,-,-,-,-,-,-,-,-,-,21,2025
Dinsdag,2025-05-20,-,-,-,-,-,-,-,-,-,-,-,-,21,2025
Woensdag,2025-05-21,-,-,-,-,-,-,-,-,-,-,-,-,21,2025
Donderdag,2025-05-22,-,-,-,-,-,-,-,-,-,-,-,-,21,2025
Vrijdag,2025-05-23,-,-,-,-,-,-,-,-,-,-,-,-,21,2025
Maandag,2025-05-26,-,-,-,-,-,-,-,-,-,-,-,-,22,2025
Dinsdag,2025-05-27,-,-,-,-,-,-,-,-,-,-,-,-,22,2025
Woensdag,2025-05-28,-,-,-,-,-,-,-,-,-,-,-,-,22,2025
Donderdag,2025-05-29,-,-,-,-,-,-,-,-,-,-,-,-,22,2025
Vrijdag,2025-05-30,-,-,-,-,-,-,-,-,-,-,-,-,22,2025
Maandag,2025-06-02,-,-,-,-,-,-,-,-,-,-,-,-,23,2025
Dinsdag,2025-06-03,-,-,-,-,-,-,-,-,-,-,-,-,23,2025
Woensdag,2025-06-04,-,-,-,-,-,-,-,-,-,-,-,-,23,2025
Donderdag,2025-06-05,-,-,-,-,-,-,-,-,-,-,-,-,23,2025
Vrijdag,2025-06-06,-,-,-,-,-,-,-,-,-,-,-,-,23,2025
Maandag,2025-06-09,-,-,-,-,-,-,-,-,-,-,-,-,24,2025
Dinsdag,2025-06-10,-,-,-,-,-,-,-,-,-,-,-,-,24,2025
Woensdag,2025-06-11,-,-,-,-,-,-,-,-,-,-,-,-,24,2025
Donderdag,2025-06-12,-,-,-,-,-,-,-,-,-,-,-,-,24,2025
Vrijdag,2025-06-13,-,-,-,-,-,-,-,-,-,-,-,-,24,2025
Maandag,2025-06-16,-,-,-,-,-,-,-,-,-,-,-,-,25,2025
Dinsdag,2025-06-17,-,-,-,-,-,-,-,-,-,-,-,-,25,2025
Woensdag,2025-06-18,-,-,-,-,-,-,-,-,-,-,-,-,25,2025
Donderdag,2025-06-19,-,-,-,-,-,-,-,-,-,-,-,-,25,2025
Vrijdag,2025-06-20,-,-,-,-,-,-,-,-,-,-,-,-,25,2025
Maandag,2025-06-23,-,-,-,-,-,-,-,-,-,-,-,-,26,2025
Dinsdag,2025-06-24,-,-,-,-,-,-,-,-,-,-,-,-,26,2025
Woensdag,2025-06-25,-,-,-,-,-,-,-,-,-,-,-,-,26,2025
Donderdag,2025-06-26,-,-,-,-,-,-,-,-,-,-,-,-,26,2025
Vrijdag,2025-06-27,-,-,-,-,-,-,-,-,-,-,-,-,26,2025
Maandag,2025-06-30,-,-,-,-,-,-,-,-,-,-,-,-,27,2025
Dinsdag,2025-07-01,-,-,-,-,-,-,-,-,-,-,-,-,27,2025
Woensdag,2025-07-02,-,-,-,-,-,-,-,-,-,-,-,-,27,2025
Donderdag,2025-07-03,-,-,-,-,-,-,-,-,-,-,-,-,27,2025
Vrijdag,2025-07-04,-,-,-,-,-,-,-,-,-,-,-,-,27,2025
Maandag,2025-07-07,-,-,-,-,-,-,-,-,-,-,-,-,28,2025
Dinsdag,2025-07-08,-,-,-,-,-,-,-,-,-,-,-,-,28,2025
Woensdag,2025-07-09,-,-,-,-,-,-,-,-,-,-,-,-,28,2025
Donderdag,2025-07-10,-,-,-,-,-,-,-,-,-,-,-,-,28,2025
Vrijdag,2025-07-11,-,-,-,-,-,-,-,-,-,-,-,-,28,2025
Maandag,2025-07-14,-,-,-,-,-,-,-,-,-,-,-,-,29,2025
Dinsdag,2025-07-15,-,-,-,-,-,-,-,-,-,-,-,-,29,2025
Woensdag,2025-07-16,-,-,-,-,-,-,-,-,-,-,-,-,29,2025
Donderdag,2025-07-17,-,-,-,-,-,-,-,-,-,-,-,-,29,2025
Vrijdag,2025-07-18,-,-,-,-,-,-,-,-,-,-,-,-,29,2025
Maandag,2025-07-21,-,-,-,-,-,-,-,-,-,-,-,-,30,2025
Dinsdag,2025-07-22,-,-,-,-,-,-,-,-,-,-,-,-,30,2025
Woensdag,2025-07-23,-,-,-,-,-,-,-,-,-,-,-,-,30,2025
Donderdag,2025-07-24,-,-,-,-,-,-,-,-,-,-,-,-,30,2025
Vrijdag,2025-07-25,-,-,-,-,-,-,-,-,-,-,-,-,30,2025
Maandag,2025-07-28,-,-,-,-,-,-,-,-,-,-,-,-,31,2025
Dinsdag,2025-07-29,-,-,-,-,-,-,-,-,-,-,-,-,31,2025
Woensdag,2025-07-30,-,-,-,-,-,-,-,-,-,-,-,-,31,2025
Donderdag,2025-07-31,-,-,-,-,-,-,-,-,-,-,-,-,31,2025
Vrijdag,2025-08-01,-,-,-,-,-,-,-,-,-,-,-,-,31,2025
Maandag,2025-08-04,-,-,-,-,-,-,-,-,-,-,-,-,32,2025
Dinsdag,2025-08-05,-,-,-,-,-,-,-,-,-,-,-,-,32,2025
Woensdag,2025-08-06,-,-,-,-,-,-,-,-,-,-,-,-,32,2025
Donderdag,2025-08-07,-,-,-,-,-,-,-,-,-,-,-,-,32,2025
Vrijdag,2025-08-08,-,-,-,-,-,-,-,-,-,-,-,-,32,2025
Maandag,2025-08-11,-,-,-,-,-,-,-,-,-,-,-,-,33,2025
Dinsdag,2025-08-12,-,-,-,-,-,-,-,-,-,-,-,-,33,2025
Woensdag,2025-08-13,-,-,-,-,-,-,-,-,-,-,-,-,33,2025
Donderdag,2025-08-14,-,-,-,-,-,-,-,-,-,-,-,-,33,2025
Vrijdag,2025-08-15,-,-,-,-,-,-,-,-,-,-,-,-,33,2025
Maandag,2025-08-18,-,-,-,-,-,-,-,-,-,-,-,-,34,2025
Dinsdag,2025-08-19,-,-,-,-,-,-,-,-,-,-,-,-,34,2025
Woensdag,2025-08-20,-,-,-,-,-,-,-,-,-,-,-,-,34,2025
Donderdag,2025-08-21,-,-,-,-,-,-,-,-,-,-,-,-,34,2025
Vrijdag,2025-08-22,-,-,-,-,-,-,-,-,-,-,-,-,34,2025
Maandag,2025-08-25,-,-,-,-,-,-,-,-,-,-,-,-,35,2025
Dinsdag,2025-08-26,-,-,-,-,-,-,-,-,-,-,-,-,35,2025
Woensdag,2025-08-27,-,-,-,-,-,-,-,-,-,-,-,-,35,2025
Donderdag,2025-08-28,-,-,-,-,-,-,-,-,-,-,-,-,35,2025
Vrijdag,2025-08-29,-,-,-,-,-,-,-,-,-,-,-,-,35,2025
Maandag,2025-09-01,-,-,-,-,-,-,-,-,-,-,-,-,36,2025
Dinsdag,2025-09-02,-,-,-,-,-,-,-,-,-,-,-,-,36,2025
Woensdag,2025-09-03,-,-,-,-,-,-,-,-,-,-,-,-,36,2025
Donderdag,2025-09-04,-,-,-,-,-,-,-,-,-,-,-,-,36,2025
Vrijdag,2025-09-05,-,-,-,-,-,-,-,-,-,-,-,-,36,2025
Maandag,2025-09-08,-,-,-,-,-,-,-,-,-,-,-,-,37,2025
Dinsdag,2025-09-09,-,-,-,-,-,-,-,-,-,-,-,-,37,2025
Woensdag,2025-09-10,-,-,-,-,-,-,-,-,-,-,-,-,37,2025
Donderdag,2025-09-11,-,-,-,-,-,-,-,-,-,-,-,-,37,2025
Vrijdag,2025-09-12,-,-,-,-,-,-,-,-,-,-,-,-,37,2025
Maandag,2025-09-15,-,-,-,-,-,-,-,-,-,-,-,-,38,2025
Dinsdag,2025-09-16,-,-,-,-,-,-,-,-,-,-,-,-,38,2025
Woensdag,2025-09-17,-,-,-,-,-,-,-,-,-,-,-,-,38,2025
Donderdag,2025-09-18,-,-,-,-,-,-,-,-,-,-,-,-,38,2025
Vrijdag,2025-09-19,-,-,-,-,-,-,-,-,-,-,-,-,38,2025
Maandag,2025-09-22,-,-,-,-,-,-,-,-,-,-,-,-,39,2025
Dinsdag,2025-09-23,-,-,-,-,-,-,-,-,-,-,-,-,39,2025
Woensdag,2025-09-24,-,-,-,-,-,-,-,-,-,-,-,-,39,2025
Donderdag,2025-09-25,-,-,-,-,-,-,-,-,-,-,-,-,39,2025
Vrijdag,2025-09-26,-,-,-,-,-,-,-,-,-,-,-,-,39,2025
Maandag,2025-09-29,-,-,-,-,-,-,-,-,-,-,-,-,40,2025
Dinsdag,2025-09-30,-,-,-,-,-,-,-,-,-,-,-,-,40,2025
Woensdag,2025-10-01,-,-,-,-,-,-,-,-,-,-,-,-,40,2025
Donderdag,2025-10-02,-,-,-,-,-,-,-,-,-,-,-,-,40,2025
Vrijdag,2025-10-03,-,-,-,-,-,-,-,-,-,-,-,-,40,2025
Maandag,2025-10-06,-,-,-,-,-,-,-,-,-,-,-,-,41,2025
Dinsdag,2025-10-07,-,-,-,-,-,-,-,-,-,-,-,-,41,2025
Woensdag,2025-10-08,-,-,-,-,-,-,-,-,-,-,-,-,41,2025
Donderdag,2025-10-09,-,-,-,-,-,-,-,-,-,-,-,-,41,2025
Vrijdag,2025-10-10,-,-,-,-,-,-,-,-,-,-,-,-,41,2025
Maandag,2025-10-13,-,-,-,-,-,-,-,-,-,-,-,-,42,2025
Dinsdag,2025-10-14,-,-,-,-,-,-,-,-,-,-,-,-,42,2025
Woensdag,2025-10-15,-,-,-,-,-,-,-,-,-,-,-,-,42,2025
Donderdag,2025-10-16,-,-,-,-,-,-,-,-,-,-,-,-,42,2025
Vrijdag,2025-10-17,-,-,-,-,-,-,-,-,-,-,-,-,42,2025
Maandag,2025-10-20,-,-,-,-,-,-,-,-,-,-,-,-,43,2025
Dinsdag,2025-10-21,-,-,-,-,-,-,-,-,-,-,-,-,43,2025
Woensdag,2025-10-22,-,-,-,-,-,-,-,-,-,-,-,-,43,2025
Donderdag,2025-10-23,-,-,-,-,-,-,-,-,-,-,-,-,43,2025
Vrijdag,2025-10-24,-,-,-,-,-,-,-,-,-,-,-,-,43,2025
Maandag,2025-10-27,-,-,-,-,-,-,-,-,-,-,-,-,44,2025
Dinsdag,2025-10-28,-,-,-,-,-,-,-,-,-,-,-,-,44,2025
Woensdag,2025-10-29,-,-,-,-,-,-,-,-,-,-,-,-,44,2025
Donderdag,2025-10-30,-,-,-,-,-,-,-,-,-,-,-,-,44,2025
Vrijdag,2025-10-31,-,-,-,-,-,-,-,-,-,-,-,-,44,2025
Maandag,2025-11-03,-,-,-,-,-,-,-,-,-,-,-,-,45,2025
Dinsdag,2025-11-04,-,-,-,-,-,-,-,-,-,-,-,-,45,2025
Woensdag,2025-11-05,-,-,-,-,-,-,-,-,-,-,-,-,45,2025
Donderdag,2025-11-06,-,-,-,-,-,-,-,-,-,-,-,-,45,2025
Vrijdag,2025-11-07,-,-,-,-,-,-,-,-,-,-,-,-,45,2025
Maandag,2025-11-10,-,-,-,-,-,-,-,-,-,-,-,-,46,2025
Dinsdag,2025-11-11,-,-,-,-,-,-,-,-,-,-,-,-,46,2025
Woensdag,2025-11-12,-,-,-,-,-,-,-,-,-,-,-,-,46,2025
Donderdag,2025-11-13,-,-,-,-,-,-,-,-,-,-,-,-,46,2025
Vrijdag,2025-11-14,-,-,-,-,-,-,-,-,-,-,-,-,46,2025
Maandag,2025-11-17,-,-,-,-,-,-,-,-,-,-,-,-,47,2025
Dinsdag,2025-11-18,-,-,-,-,-,-,-,-,-,-,-,-,47,2025
Woensdag,2025-11-19,-,-,-,-,-,-,-,-,-,-,-,-,47,2025
Donderdag,2025-11-20,-,-,-,-,-,-,-,-,-,-,-,-,47,2025
Vrijdag,2025-11-21,-,-,-,-,-,-,-,-,-,-,-,-,47,2025
Maandag,2025-11-24,-,-,-,-,-,-,-,-,-,-,-,-,48,2025
Dinsdag,2025-11-25,-,-,-,-,-,-,-,-,-,-,-,-,48,2025
Woensdag,2025-11-26,-,-,-,-,-,-,-,-,-,-,-,-,48,2025
Donderdag,2025-11-27,-,-,-,-,-,-,-,-,-,-,-,-,48,2025
Vrijdag,2025-11-28,-,-,-,-,-,-,-,-,-,-,-,-,48,2025
Maandag,2025-12-01,-,-,-,-,-,-,-,-,-,-,-,-,49,2025
Dinsdag,2025-12-02,-,-,-,-,-,-,-,-,-,-,-,-,49,2025
Woensdag,2025-12-03,-,-,-,-,-,-,-,-,-,-,-,-,49,2025
Donderdag,2025-12-04,-,-,-,-,-,-,-,-,-,-,-,-,49,2025
Vrijdag,2025-12-05,-,-,-,-,-,-,-,-,-,-,-,-,49,2025
Maandag,2025-12-08,-,-,-,-,-,-,-,-,-,-,-,-,50,2025
Dinsdag,2025-12-09,-,-,-,-,-,-,-,-,-,-,-,-,50,2025
Woensdag,2025-12-10,-,-,-,-,-,-,-,-,-,-,-,-,50,2025
Donderdag,2025-12-11,-,-,-,-,-,-,-,-,-,-,-,-,50,2025
Vrijdag,2025-12-12,-,-,-,-,-,-,-,-,-,-,-,-,50,2025
Maandag,2025-12-15,-,-,-,-,-,-,-,-,-,-,-,-,51,2025
Dinsdag,2025-12-16,-,-,-,-,-,-,-,-,-,-,-,-,51,2025
Woensdag,2025-12-17,-,-,-,-,-,-,-,-,-,-,-,-,51,2025
Donderdag,2025-12-18,-,-,-,-,-,-,-,-,-,-,-,-,51,2025
Vrijdag,2025-12-19,-,-,-,-,-,-,-,-,-,-,-,-,51,2025
Maandag,2025-12-22,-,-,-,-,-,-,-,-,-,-,-,-,52,2025
Dinsdag,2025-12-23,-,-,-,-,-,-,-,-,-,-,-,-,52,2025
Woensdag,2025-12-24,-,-,-,-,-,-,-,-,-,-,-,-,52,2025
Donderdag,2025-12-25,-,-,-,-,-,-,-,-,-,-,-,-,52,2025
Vrijdag,2025-12-26,-,-,-,-,-,-,-,-,-,-,-,-,52,2025
Maandag,2025-12-29,-,-,-,-,-,-,-,-,-,-,-,-,53,2025
Dinsdag,2025-12-30,-,-,-,-,-,-,-,-,-,-,-,-,53,2025
Woensdag,2025-12-31,-,-,-,-,-,-,-,-,-,-,-,-,53,2025
